-- pcComponent

DELETE FROM pcComponent;

INSERT INTO pcComponent VALUES('ACTCP00005B', 'Pasta termoconductoare ARCTIC', 'ARCTIC', 28);

INSERT INTO pcComponent VALUES('MZ-V7S1T0BW', 'SSD Samsung 970 EVO Plus 1TB', 'SAMSUNG', 399);

INSERT INTO pcComponent VALUES('CMK16GX4M2D3600C18', 'Memorie Corsair Vengeance', 'CORSAIR', 229);

INSERT INTO pcComponent VALUES('AQRYS_PULSAR750W', 'Sursa AQIRYS Pulsar 750W', 'AQIRYS', 319);

INSERT INTO pcComponent VALUES('RX-66XT8DFDQ', 'XFXRadeonRX6600XT', 'Radeon', 2365);

INSERT INTO pcComponent VALUES('AQRYS_ARCTURUSWH', 'AQIRYS Arcturus White ARGB', 'AQIRYS', 482);

INSERT INTO pcComponent VALUES('BX8071512700KF', 'Intel Core i7 12700KF 3.6GHz box', 'INTEL', 1599);

INSERT INTO pcComponent VALUES('Z690 AORUS ELITE DDR4', 'GIGABYTE Z690 AORUS ELITE DDR4', 'GIGABYTE', 1076);

INSERT INTO pcComponent VALUES('CPNTD12L', 'Cooler CPU Noctua NH-D12L', 'NOCTUA', 547);

INSERT INTO pcComponent VALUES('100-100000514WOF', 'AMD Ryzen 9 7950X 4.5GHz box', 'AMD', 3219);

INSERT INTO pcComponent VALUES('KF560C32RSAK2-64', 'Kingston FURY Renegade RGB 64GB DDR5 6000MHz', 'Kingston ', 1258);

INSERT INTO pcComponent VALUES('0R20B00210', 'Carcasa Raijintek Pan Slim Black', 'Raijintek  ', 1362);

INSERT INTO pcComponent VALUES('CH-9189110-NA', 'Tastatura Gaming Corsair K70 PRO Mini White', 'Corsair', 1063);

INSERT INTO pcComponent VALUES('GV-N3070EAGLE-8GD', 'Placa video GIGABYTE GeForce RTX 3070', 'NVIDIA', 2574);

INSERT INTO pcComponent VALUES('GV-N4060EAGLE OC-8GD', 'Placa video GIGABYTE GeForce RTX 4060', 'NVIDIA', 1782);

INSERT INTO pcComponent VALUES('GV-N4090WF3V2-24GD', 'Placa video GIGABYTE GeForce RTX 4090', 'NVIDIA', 9399);

INSERT INTO pcComponent VALUES('G2524H', 'Monitor LED DELL Gaming G2524H 24.5 inch', 'DELL', 1189);

-- pcClient

DELETE FROM pcClient;

INSERT INTO pcClient VALUES('1911409954899','Michael Smith','paul908@email.com');

INSERT INTO pcClient VALUES('5030326247652','Ashwin Frost','addressgen2023@mail.com');

INSERT INTO pcClient VALUES('2911017284181','Wanda Acevedo','custom.email@icloud.com');

INSERT INTO pcClient VALUES('2990626524463','Gabriella Floyd','newuser789@live.com');

INSERT INTO pcClient VALUES('1920429012322','Lucy Dawson','unique.email@gmail.com');

INSERT INTO pcClient VALUES('2970209096381','Nathaniel Dixon','test_user567@hotmail.com');

INSERT INTO pcClient VALUES('2931104263296','Elisha Sloan','random.email42@gmail.com');

INSERT INTO pcClient VALUES('2980215175315','Cole Baker','demo.email123@protonmail.com');


-- pcOrder

DELETE FROM pcOrder;

INSERT INTO pcOrder VALUES('1', '1911409954899', '12/01/2021');

INSERT INTO pcOrder VALUES('2', '5030326247652', '05/29/2023');

INSERT INTO pcOrder VALUES('3', '2911017284181', '12/01/2019');

INSERT INTO pcOrder VALUES('4', '2990626524463', '08/09/2010');

INSERT INTO pcOrder VALUES('5','2970209096381','11/16/2023');

INSERT INTO pcOrder VALUES('6','2970209096381','11/17/2023');

INSERT INTO pcOrder VALUES('7','2931104263296','11/14/2023');

INSERT INTO pcOrder VALUES('8','2980215175315','11/04/2023');

-- pcOrderList

DELETE FROM pcOrderList;

INSERT INTO pcOrderList VALUES('1', 'ACTCP00005B', 2);

INSERT INTO pcOrderList VALUES('1', 'G2524H', 1);

INSERT INTO pcOrderList VALUES('2', '0R20B00210', 3);

INSERT INTO pcOrderList VALUES('2', 'RX-66XT8DFDQ', 1);

INSERT INTO pcOrderList VALUES('3', 'KF560C32RSAK2-64', 2);

INSERT INTO pcOrderList VALUES('4', 'AQRYS_PULSAR750W', 1);

INSERT INTO pcOrderList VALUES('4', 'CMK16GX4M2D3600C18', 2);

INSERT INTO pcOrderList VALUES('2', 'CH-9189110-NA', 22);

INSERT INTO pcOrderList VALUES('3', 'G2524H', 10);

INSERT INTO pcOrderList VALUES('3', 'CPNTD12L', 7);

INSERT INTO pcOrderList VALUES('1', 'MZ-V7S1T0BW', 3);

INSERT INTO pcOrderList VALUES('1', 'AQRYS_PULSAR750W', 1);

INSERT INTO pcOrderList VALUES('4', 'Z690 AORUS ELITE DDR4', 2);

INSERT INTO pcOrderList VALUES('4', 'AQRYS_ARCTURUSWH', 1);

INSERT INTO pcOrderList VALUES('2', 'ACTCP00005B', 101);

INSERT INTO pcOrderList VALUES('3', 'BX8071512700KF', 56);

INSERT INTO pcOrderList VALUES('1', 'CH-9189110-NA', 524);

INSERT INTO pcOrderList VALUES('5','ACTCP00005B',3);

INSERT INTO pcOrderList VALUES('5','MZ-V7S1T0BW',2);

INSERT INTO pcOrderList VALUES('6', 'CMK16GX4M2D3600C18', 4);

INSERT INTO pcOrderList VALUES('6', 'AQRYS_PULSAR750W', 1);

INSERT INTO pcOrderList VALUES('6', 'RX-66XT8DFDQ', 1);

INSERT INTO pcOrderList VALUES('6', 'AQRYS_ARCTURUSWH', 1);

INSERT INTO pcOrderList VALUES('6', 'BX8071512700KF', 1);

INSERT INTO pcOrderList VALUES('6', 'GV-N3070EAGLE-8GD', 2);

INSERT INTO pcOrderList VALUES('7', 'GV-N3070EAGLE-8GD', 10);

INSERT INTO pcOrderList VALUES('7', 'GV-N4060EAGLE OC-8GD', 10);

INSERT INTO pcOrderList VALUES('7', 'GV-N4090WF3V2-24GD', 15);

INSERT INTO pcOrderList VALUES('8', 'G2524H', 4);

INSERT INTO pcOrderList VALUES('8', 'BX8071512700KF', 2);

INSERT INTO pcOrderList VALUES('8', 'AQRYS_PULSAR750W', 1);

INSERT INTO pcOrderList VALUES('8', 'CMK16GX4M2D3600C18', 3);

INSERT INTO pcOrderList VALUES('8', 'ACTCP00005B', 7);